removed_id,representative_id
pep_0064,pep_0023
pep_0070,pep_0053
pep_0084,pep_0007
pep_0085,pep_0037
pep_0099,pep_0023
pep_0115,pep_0057
pep_0118,pep_0051
pep_0120,pep_0114
pep_0135,pep_0114
pep_0136,pep_0069
pep_0140,pep_0134
pep_0148,pep_0111
pep_0155,pep_0046
pep_0160,pep_0152
pep_0167,pep_0031
pep_0168,pep_0112
pep_0169,pep_0023
pep_0170,pep_0119
pep_0184,pep_0066
pep_0185,pep_0046
pep_0189,pep_0068
pep_0191,pep_0065
pep_0195,pep_0083
pep_0201,pep_0141
pep_0205,pep_0117
pep_0206,pep_0204
pep_0208,pep_0078
pep_0210,pep_0122
pep_0220,pep_0119
pep_0221,pep_0066
pep_0225,pep_0112
pep_0226,pep_0081
pep_0230,pep_0071
pep_0240,pep_0119
pep_0241,pep_0018
pep_0243,pep_0037
pep_0244,pep_0117
pep_0250,pep_0078
pep_0251,pep_0051
pep_0258,pep_0098
pep_0261,pep_0152
pep_0265,pep_0023
pep_0267,pep_0057
pep_0277,pep_0073
pep_0280,pep_0096
pep_0291,pep_0119
pep_0292,pep_0117
pep_0293,pep_0152
pep_0300,pep_0091
pep_0301,pep_0209
pep_0308,pep_0007
pep_0310,pep_0091
pep_0320,pep_0122
pep_0322,pep_0157
pep_0326,pep_0041
pep_0327,pep_0078
pep_0330,pep_0234
pep_0332,pep_0057
pep_0337,pep_0052
pep_0345,pep_0027
pep_0346,pep_0008
pep_0356,pep_0091
pep_0358,pep_0019
pep_0360,pep_0068
pep_0366,pep_0119
pep_0368,pep_0031
pep_0373,pep_0075
pep_0380,pep_0046
pep_0381,pep_0121
pep_0385,pep_0141
pep_0389,pep_0078
pep_0391,pep_0052
pep_0392,pep_0117
pep_0394,pep_0112
pep_0397,pep_0313
pep_0399,pep_0152
pep_0401,pep_0278
pep_0405,pep_0007
pep_0410,pep_0328
pep_0429,pep_0278
pep_0430,pep_0078
pep_0432,pep_0313
pep_0435,pep_0122
pep_0439,pep_0098
pep_0444,pep_0051
pep_0446,pep_0091
pep_0454,pep_0112
pep_0457,pep_0134
pep_0461,pep_0018
pep_0463,pep_0383
pep_0465,pep_0001
pep_0466,pep_0052
pep_0467,pep_0041
pep_0485,pep_0021
pep_0487,pep_0037
pep_0492,pep_0383
pep_0496,pep_0023
pep_0499,pep_0209
pep_0500,pep_0134
pep_0503,pep_0209
pep_0507,pep_0374
pep_0510,pep_0032
pep_0511,pep_0112
pep_0514,pep_0037
pep_0515,pep_0112
pep_0517,pep_0053
pep_0518,pep_0383
pep_0520,pep_0021
pep_0525,pep_0328
pep_0527,pep_0034
pep_0529,pep_0078
pep_0534,pep_0083
pep_0535,pep_0416
pep_0543,pep_0416
pep_0546,pep_0523
pep_0553,pep_0096
pep_0554,pep_0313
pep_0558,pep_0081
pep_0561,pep_0027
pep_0563,pep_0098
pep_0566,pep_0018
pep_0569,pep_0098
pep_0572,pep_0001
pep_0577,pep_0523
pep_0580,pep_0053
pep_0582,pep_0455
pep_0584,pep_0001
pep_0585,pep_0075
pep_0586,pep_0111
pep_0588,pep_0270
pep_0592,pep_0313
pep_0596,pep_0078
pep_0601,pep_0374
pep_0604,pep_0019
pep_0605,pep_0112
pep_0611,pep_0034
pep_0612,pep_0278
pep_0618,pep_0152
pep_0623,pep_0071
pep_0624,pep_0075
pep_0626,pep_0111
pep_0627,pep_0027
pep_0628,pep_0021
pep_0632,pep_0001
pep_0633,pep_0019
pep_0637,pep_0046
pep_0641,pep_0437
pep_0643,pep_0019
pep_0644,pep_0523
pep_0649,pep_0078
pep_0655,pep_0212
pep_0657,pep_0119
pep_0662,pep_0005
pep_0669,pep_0134
pep_0921,pep_0073
pep_0922,pep_0111
pep_0923,pep_0646
pep_0924,pep_0053
pep_0925,pep_0607
pep_0926,pep_0782
pep_0927,pep_0295
pep_0928,pep_0840
pep_0929,pep_0068
pep_0930,pep_0438
pep_0931,pep_0908
pep_0932,pep_0688
pep_0933,pep_0565
pep_0934,pep_0879
pep_0935,pep_0891
pep_0936,pep_0501
pep_0937,pep_0077
pep_0938,pep_0814
pep_0939,pep_0097
pep_0940,pep_0121
pep_0941,pep_0051
pep_0942,pep_0835
pep_0943,pep_0583
pep_0944,pep_0052
pep_0945,pep_0350
pep_0946,pep_0652
pep_0947,pep_0285
pep_0948,pep_0377
pep_0949,pep_0852
pep_0950,pep_0253
pep_0951,pep_0698
pep_0952,pep_0849
pep_0953,pep_0246
pep_0954,pep_0781
pep_0955,pep_0475
pep_0956,pep_0474
pep_0957,pep_0718
pep_0958,pep_0751
pep_0959,pep_0415
pep_0960,pep_0801
pep_0961,pep_0141
pep_0962,pep_0764
pep_0963,pep_0152
pep_0964,pep_0878
pep_0965,pep_0523
pep_0966,pep_0146
pep_0967,pep_0549
pep_0968,pep_0001
pep_0969,pep_0052
pep_0970,pep_0233
pep_0971,pep_0038
pep_0972,pep_0190
pep_0973,pep_0138
pep_0974,pep_0117
pep_0975,pep_0416
pep_0976,pep_0562
pep_0977,pep_0817
pep_0978,pep_0014
pep_0979,pep_0658
pep_0980,pep_0528
pep_0981,pep_0654
pep_0982,pep_0539
pep_0983,pep_0742
pep_0984,pep_0696
pep_0985,pep_0792
pep_0986,pep_0705
pep_0987,pep_0890
pep_0988,pep_0891
pep_0989,pep_0870
pep_0990,pep_0248
pep_0991,pep_0033
pep_0992,pep_0079
pep_0993,pep_0886
pep_0994,pep_0075
pep_0995,pep_0119
pep_0996,pep_0052
pep_0997,pep_0367
pep_0998,pep_0233
pep_0999,pep_0740
pep_1000,pep_0528
